{"train/global_step":1000,"train_samples_per_second":33.448,"_step":1123,"train/train_tokens_per_second":137004.793,"train/grad_norm":12.75,"train/learning_rate":5.0000000000000004e-08,"train/num_input_tokens_seen":125108224,"train_loss":10.04940625,"train_runtime":956.6965,"_runtime":10680,"total_flos":7.360466320254566e+16,"train/epoch":52.66206896551724,"train/loss":105,"_wandb":{"runtime":10680},"_timestamp":1.765370879932692e+09,"train_steps_per_second":1.045}