{"train_loss":62.11565625,"total_flos":1.2892631072372736e+16,"_wandb":{"runtime":758},"_runtime":758,"_timestamp":1.7653813101981165e+09,"_step":100,"train/epoch":0.061777969975906594,"train/global_step":1000,"train_steps_per_second":1.316,"train_samples_per_second":42.101,"train/grad_norm":5.335325241088867,"train_runtime":760.0781,"train/loss":61.1844,"train/learning_rate":2e-08}