{"_step":625,"train/rewards/rejected":-4.923758506774902,"train/logits/rejected":-2.400397539138794,"train/loss":0.1018,"train/grad_norm":0.7530726194381714,"total_flos":0,"train_loss":0.21797268029153347,"train/global_step":625,"train/epoch":1,"_runtime":698,"_timestamp":1.7653913248274267e+09,"train/logits/chosen":-2.3061044216156006,"train/logps/rejected":-1443.465087890625,"train/rewards/chosen":-1.044787883758545,"train_samples_per_second":14.162,"train/learning_rate":8e-09,"train/rewards/margins":3.8789706230163574,"_wandb":{"runtime":698},"train_steps_per_second":0.885,"train_runtime":706.1007,"train/logps/chosen":-867.744873046875,"train/rewards/accuracies":1}