{"train/learning_rate":8e-09,"train/epoch":1,"_timestamp":1.7653884095061522e+09,"_runtime":683,"train/rewards/chosen":-1.4289677143096924,"train/rewards/rejected":-6.173961639404297,"total_flos":0,"train_samples_per_second":14.591,"train/logits/chosen":-2.529637575149536,"train/logits/rejected":-2.6071510314941406,"train_runtime":685.3661,"train/logps/chosen":-933.982421875,"train/loss":0.0974,"train/rewards/margins":4.744994163513184,"_wandb":{"runtime":683},"train/rewards/accuracies":0.9375,"train_loss":0.18150346580147744,"train_steps_per_second":0.912,"_step":625,"train/global_step":625,"train/logps/rejected":-1574.583984375,"train/grad_norm":1.7221373319625854}