{"train/epoch":0.061777969975906594,"train_runtime":728.4859,"train/grad_norm":8.557421684265137,"train_steps_per_second":1.373,"_wandb":{"runtime":726},"total_flos":1.314299614645248e+16,"train/learning_rate":2.0000000000000002e-07,"_step":100,"_runtime":726,"train/loss":57.8406,"train/global_step":1000,"_timestamp":1.7653845310253e+09,"train_samples_per_second":43.927,"train_loss":57.9918125}