{"train/epoch":1.0746069810818013,"_step":504,"_runtime":512,"train/global_step":505,"train/loss":123.1562,"train/grad_norm":32.50709533691406,"_wandb":{"runtime":512},"train/learning_rate":9.920000000000002e-06,"_timestamp":1.765378087846813e+09}