{"train/loss":68.3049,"train/global_step":1000,"train_samples_per_second":42,"_runtime":3045,"train/learning_rate":2.3131855588331972e-09,"train_steps_per_second":0.328,"train_loss":76.89255046081543,"_step":1000,"_wandb":{"runtime":3045},"train/epoch":52.648648648648646,"train_runtime":3047.6356,"train/grad_norm":2.483468770980835,"_timestamp":1.76538888266503e+09,"total_flos":7.493507931439104e+16}