{"_wandb":{"runtime":105},"train/loss":57.0938,"_timestamp":1.7653895930039155e+09,"train/grad_norm":3.8237814903259277,"train/global_step":115,"_step":114,"train/epoch":0.007104466547229258,"_runtime":105,"train/learning_rate":0.0001772}