{"train/grad_norm":16.216934204101562,"train_samples_per_second":30.071,"train/global_step":1000,"train_steps_per_second":0.94,"_runtime":1062,"_step":1000,"total_flos":5.174618247470592e+15,"_timestamp":1.765371419492983e+09,"train/epoch":2.1278976818545163,"train/loss":137.4375,"train_loss":138.37234375,"_wandb":{"runtime":1062},"train/learning_rate":2e-08,"train_runtime":1064.1615}