{"train/learning_rate":2.0000000000000002e-07,"train_runtime":752.8491,"train/grad_norm":5.863937854766846,"train_loss":55.592375,"_wandb":{"runtime":751},"train_samples_per_second":42.505,"train/loss":54.6219,"total_flos":1.314299614645248e+16,"train_steps_per_second":1.328,"train/global_step":1000,"_step":100,"train/epoch":0.061777969975906594,"_timestamp":1.7653904294678206e+09,"_runtime":751}