{"_wandb":{"runtime":719},"train_runtime":720.9843,"_timestamp":1.7653869873302438e+09,"_step":100,"train_samples_per_second":44.384,"train_steps_per_second":1.387,"train/grad_norm":5.335325241088867,"total_flos":1.2892631072372736e+16,"train_loss":62.11565625,"_runtime":719,"train/epoch":0.061777969975906594,"train/global_step":1000,"train/learning_rate":2e-08,"train/loss":61.1844}