{"train/grad_norm":5.702578067779541,"train/loss":61.8594,"train/learning_rate":5.02e-06,"train/epoch":0.046333477481929945,"train/global_step":750,"_timestamp":1.765386194223402e+09,"_runtime":566,"_wandb":{"runtime":566},"_step":74}