{"train/learning_rate":4.83e-06,"_runtime":611,"train/epoch":0.05189349477976154,"_wandb":{"runtime":611},"_step":83,"train/global_step":840,"_timestamp":1.765383042206816e+09,"train/loss":58.4094,"train/grad_norm":9.411469459533691}