{"train/grad_norm":10.007806777954102,"_wandb":{"runtime":279},"train/loss":128.6875,"train/global_step":207,"train/learning_rate":1.588e-05,"_step":206,"_runtime":279,"train/epoch":0.012788089161399431,"_timestamp":1.7653801298015866e+09}