{"train/grad_norm":19.683788299560547,"train/learning_rate":1.3060000000000002e-05,"train/epoch":0.7418065547561951,"_wandb":{"runtime":346},"_runtime":346,"train/loss":122.75,"_step":347,"_timestamp":1.7653774453879354e+09,"train/global_step":348}