{"train/global_step":1000,"_wandb":{"runtime":3798},"train_runtime":3800.3502,"_runtime":3798,"train_loss":93.1499614906311,"train/num_input_tokens_seen":125108224,"total_flos":7.361907566995046e+16,"train/train_tokens_per_second":34489.453,"train/grad_norm":7.850862979888916,"train/learning_rate":5.0000000000000004e-08,"_step":1000,"_timestamp":1.765376966780636e+09,"train_steps_per_second":0.263,"train/loss":86.5564,"train_samples_per_second":8.42,"train/epoch":52.66206896551724}